,timestamp,market-price
0,2015-07-08,265.83
1,2015-07-09,270.31
2,2015-07-10,269.0
3,2015-07-11,284.92
4,2015-07-12,291.64
5,2015-07-13,310.55
6,2015-07-14,291.94
7,2015-07-15,287.92
8,2015-07-16,285.66
9,2015-07-17,277.78
10,2015-07-18,279.43
11,2015-07-19,276.74
12,2015-07-20,275.47
13,2015-07-21,279.01
14,2015-07-22,276.76
15,2015-07-23,277.97
16,2015-07-24,276.59
17,2015-07-25,289.0
18,2015-07-26,288.78
19,2015-07-27,292.82
20,2015-07-28,293.93
21,2015-07-29,293.92
22,2015-07-30,290.2
23,2015-07-31,288.45
24,2015-08-01,284.31
25,2015-08-02,280.95
26,2015-08-03,282.26
27,2015-08-04,281.12
28,2015-08-05,285.0
29,2015-08-06,281.0
30,2015-08-07,277.08
31,2015-08-08,279.32
32,2015-08-09,262.22
33,2015-08-10,265.05
34,2015-08-11,264.47
35,2015-08-12,270.98
36,2015-08-13,267.53
37,2015-08-14,264.48
38,2015-08-15,265.93
39,2015-08-16,261.43
40,2015-08-17,256.11
41,2015-08-18,256.66
42,2015-08-19,222.11
43,2015-08-20,226.25
44,2015-08-21,235.31
45,2015-08-22,233.49
46,2015-08-23,231.0
47,2015-08-24,228.14
48,2015-08-25,210.96
49,2015-08-26,222.13
50,2015-08-27,225.04
51,2015-08-28,225.11
52,2015-08-29,231.52
53,2015-08-30,229.63
54,2015-08-31,228.39
55,2015-09-01,230.25
56,2015-09-02,227.97
57,2015-09-03,229.26
58,2015-09-04,227.24
59,2015-09-05,230.73
60,2015-09-06,235.74
61,2015-09-07,240.2
62,2015-09-08,240.47
63,2015-09-09,244.21
64,2015-09-10,238.3
65,2015-09-11,238.81
66,2015-09-12,239.94
67,2015-09-13,234.73
68,2015-09-14,230.0
69,2015-09-15,229.71
70,2015-09-16,229.54
71,2015-09-17,228.33
72,2015-09-18,232.17
73,2015-09-19,232.52
74,2015-09-20,230.25
75,2015-09-21,230.16
76,2015-09-22,226.27
77,2015-09-23,230.42
78,2015-09-24,229.42
79,2015-09-25,234.0
80,2015-09-26,235.22
81,2015-09-27,233.99
82,2015-09-28,232.41
83,2015-09-29,239.14
84,2015-09-30,236.94
85,2015-10-01,236.17
86,2015-10-02,238.03
87,2015-10-03,237.77
88,2015-10-04,239.09
89,2015-10-05,238.4
90,2015-10-06,240.6
91,2015-10-07,246.8
92,2015-10-08,243.01
93,2015-10-09,243.01
94,2015-10-10,244.49
95,2015-10-11,245.72
96,2015-10-12,248.04
97,2015-10-13,245.5
98,2015-10-14,249.98
99,2015-10-15,252.47
100,2015-10-16,254.5
101,2015-10-17,262.26
102,2015-10-18,270.04
103,2015-10-19,261.04
104,2015-10-20,263.59
105,2015-10-21,270.75
106,2015-10-22,267.97
107,2015-10-23,274.35
108,2015-10-24,278.62
109,2015-10-25,282.71
110,2015-10-26,282.8
111,2015-10-27,286.69
112,2015-10-28,295.35
113,2015-10-29,304.79
114,2015-10-30,314.81
115,2015-10-31,328.17
116,2015-11-01,310.18
117,2015-11-02,325.79
118,2015-11-03,361.54
119,2015-11-04,404.5
120,2015-11-05,408.0
121,2015-11-06,386.04
122,2015-11-07,373.69
123,2015-11-08,387.02
124,2015-11-09,371.08
125,2015-11-10,380.62
126,2015-11-11,336.29
127,2015-11-12,308.98
128,2015-11-13,340.81
129,2015-11-14,336.99
130,2015-11-15,332.06
131,2015-11-16,318.97
132,2015-11-17,330.72
133,2015-11-18,336.01
134,2015-11-19,333.66
135,2015-11-20,325.9
136,2015-11-21,322.12
137,2015-11-22,326.31
138,2015-11-23,323.78
139,2015-11-24,323.48
140,2015-11-25,319.64
141,2015-11-26,328.9
142,2015-11-27,356.33
143,2015-11-28,358.0
144,2015-11-29,356.4
145,2015-11-30,371.0
146,2015-12-01,377.27
147,2015-12-02,362.58
148,2015-12-03,359.08
149,2015-12-04,361.47
150,2015-12-05,363.78
151,2015-12-06,386.95
152,2015-12-07,387.3
153,2015-12-08,394.87
154,2015-12-09,413.6
155,2015-12-10,416.49
156,2015-12-11,415.15
157,2015-12-12,450.87
158,2015-12-13,436.2
159,2015-12-14,433.39
160,2015-12-15,443.78
161,2015-12-16,463.98
162,2015-12-17,455.47
163,2015-12-18,456.58
164,2015-12-19,463.0
165,2015-12-20,461.75
166,2015-12-21,442.54
167,2015-12-22,438.35
168,2015-12-23,435.28
169,2015-12-24,442.54
170,2015-12-25,456.0
171,2015-12-26,455.5
172,2015-12-27,417.11
173,2015-12-28,422.42
174,2015-12-29,420.97
175,2015-12-30,433.23
176,2015-12-31,428.23
177,2016-01-01,430.89
178,2016-01-02,434.75
179,2016-01-03,432.76
180,2016-01-04,430.78
181,2016-01-05,434.17
182,2016-01-06,432.43
183,2016-01-07,429.26
184,2016-01-08,458.66
185,2016-01-09,452.64
186,2016-01-10,448.47
187,2016-01-11,448.43
188,2016-01-12,447.98
189,2016-01-13,437.0
190,2016-01-14,432.63
191,2016-01-15,429.55
192,2016-01-16,363.75
193,2016-01-17,387.87
194,2016-01-18,380.16
195,2016-01-19,385.49
196,2016-01-20,377.41
197,2016-01-21,420.35
198,2016-01-22,409.62
199,2016-01-23,381.5
200,2016-01-24,385.09
201,2016-01-25,403.19
202,2016-01-26,390.92
203,2016-01-27,391.66
204,2016-01-28,394.36
205,2016-01-29,379.82
206,2016-01-30,378.18
207,2016-01-31,376.6
208,2016-02-01,367.86
209,2016-02-02,371.99
210,2016-02-03,373.05
211,2016-02-04,368.46
212,2016-02-05,388.0
213,2016-02-06,384.07
214,2016-02-07,375.29
215,2016-02-08,375.0
216,2016-02-09,371.55
217,2016-02-10,373.46
218,2016-02-11,379.14
219,2016-02-12,378.02
220,2016-02-13,382.62
221,2016-02-14,389.88
222,2016-02-15,405.08
223,2016-02-16,399.21
224,2016-02-17,407.0
225,2016-02-18,414.87
226,2016-02-19,420.53
227,2016-02-20,419.98
228,2016-02-21,435.19
229,2016-02-22,438.0
230,2016-02-23,436.76
231,2016-02-24,419.25
232,2016-02-25,423.79
233,2016-02-26,423.46
234,2016-02-27,430.0
235,2016-02-28,431.59
236,2016-02-29,431.89
237,2016-03-01,436.75
238,2016-03-02,433.66
239,2016-03-03,422.5
240,2016-03-04,420.06
241,2016-03-05,408.4
242,2016-03-06,399.17
243,2016-03-07,405.69
244,2016-03-08,412.37
245,2016-03-09,412.15
246,2016-03-10,412.84
247,2016-03-11,416.0
248,2016-03-12,420.11
249,2016-03-13,409.9
250,2016-03-14,412.85
251,2016-03-15,414.99
252,2016-03-16,415.7
253,2016-03-17,416.64
254,2016-03-18,418.49
255,2016-03-19,407.96
256,2016-03-20,409.11
257,2016-03-21,411.81
258,2016-03-22,411.95
259,2016-03-23,416.39
260,2016-03-24,417.96
261,2016-03-25,415.17
262,2016-03-26,415.98
263,2016-03-27,416.96
264,2016-03-28,425.0
265,2016-03-29,422.86
266,2016-03-30,415.83
267,2016-03-31,413.74
268,2016-04-01,414.83
269,2016-04-02,416.31
270,2016-04-03,419.13
271,2016-04-04,418.51
272,2016-04-05,419.71
273,2016-04-06,421.66
274,2016-04-07,421.6
275,2016-04-08,419.95
276,2016-04-09,417.86
277,2016-04-10,418.58
278,2016-04-11,420.75
279,2016-04-12,422.63
280,2016-04-13,425.69
281,2016-04-14,423.87
282,2016-04-15,424.38
283,2016-04-16,429.45
284,2016-04-17,430.58
285,2016-04-18,427.31
286,2016-04-19,427.42
287,2016-04-20,435.95
288,2016-04-21,441.82
289,2016-04-22,451.0
290,2016-04-23,447.7
291,2016-04-24,451.92
292,2016-04-25,460.03
293,2016-04-26,462.5
294,2016-04-27,467.55
295,2016-04-28,445.29
296,2016-04-29,449.98
297,2016-04-30,455.97
298,2016-05-01,448.84
299,2016-05-02,453.0
300,2016-05-03,443.84
301,2016-05-04,450.61
302,2016-05-05,446.84
303,2016-05-06,449.37
304,2016-05-07,458.98
305,2016-05-08,459.02
306,2016-05-09,458.31
307,2016-05-10,460.66
308,2016-05-11,450.78
309,2016-05-12,452.84
310,2016-05-13,454.26
311,2016-05-14,455.82
312,2016-05-15,456.31
313,2016-05-16,457.34
314,2016-05-17,454.0
315,2016-05-18,453.08
316,2016-05-19,452.99
317,2016-05-20,436.05
318,2016-05-21,442.52
319,2016-05-22,443.21
320,2016-05-23,438.47
321,2016-05-24,442.99
322,2016-05-25,444.1
323,2016-05-26,448.7
324,2016-05-27,452.05
325,2016-05-28,469.98
326,2016-05-29,526.64
327,2016-05-30,511.3
328,2016-05-31,526.42
329,2016-06-01,531.97
330,2016-06-02,538.37
331,2016-06-03,538.0
332,2016-06-04,567.88
333,2016-06-05,573.85
334,2016-06-06,573.91
335,2016-06-07,583.72
336,2016-06-08,578.07
337,2016-06-09,583.1
338,2016-06-10,574.32
339,2016-06-11,577.95
340,2016-06-12,608.01
341,2016-06-13,665.85
342,2016-06-14,704.5
343,2016-06-15,685.19
344,2016-06-16,693.88
345,2016-06-17,765.0
346,2016-06-18,746.63
347,2016-06-19,751.96
348,2016-06-20,759.35
349,2016-06-21,724.04
350,2016-06-22,664.46
351,2016-06-23,592.81
352,2016-06-24,622.08
353,2016-06-25,665.0
354,2016-06-26,660.44
355,2016-06-27,630.19
356,2016-06-28,651.85
357,2016-06-29,645.15
358,2016-06-30,635.99
359,2016-07-01,667.95
360,2016-07-02,675.63
361,2016-07-03,701.41
362,2016-07-04,656.97
363,2016-07-05,681.98
364,2016-07-06,668.0
365,2016-07-07,673.76
366,2016-07-08,638.5
367,2016-07-09,663.0
368,2016-07-10,647.41
369,2016-07-11,648.35
370,2016-07-12,649.33
371,2016-07-13,664.5
372,2016-07-14,652.87
373,2016-07-15,659.12
374,2016-07-16,663.19
375,2016-07-17,661.32
376,2016-07-18,679.58
377,2016-07-19,673.46
378,2016-07-20,674.95
379,2016-07-21,667.5
380,2016-07-22,664.0
381,2016-07-23,649.75
382,2016-07-24,655.53
383,2016-07-25,661.48
384,2016-07-26,654.98
385,2016-07-27,651.16
386,2016-07-28,655.37
387,2016-07-29,655.54
388,2016-07-30,654.88
389,2016-07-31,654.68
390,2016-08-01,623.91
391,2016-08-02,605.56
392,2016-08-03,530.74
393,2016-08-04,564.01
394,2016-08-05,577.44
395,2016-08-06,572.72
396,2016-08-07,589.5
397,2016-08-08,592.56
398,2016-08-09,591.69
399,2016-08-10,584.98
400,2016-08-11,591.5
401,2016-08-12,586.01
402,2016-08-13,585.91
403,2016-08-14,583.34
404,2016-08-15,567.34
405,2016-08-16,565.69
406,2016-08-17,574.94
407,2016-08-18,570.92
408,2016-08-19,570.3
409,2016-08-20,572.84
410,2016-08-21,577.52
411,2016-08-22,577.24
412,2016-08-23,583.3
413,2016-08-24,581.98
414,2016-08-25,578.75
415,2016-08-26,575.75
416,2016-08-27,577.77
417,2016-08-28,567.2
418,2016-08-29,573.2
419,2016-08-30,571.5
420,2016-08-31,575.97
421,2016-09-01,570.76
422,2016-09-02,571.0
423,2016-09-03,572.0
424,2016-09-04,595.01
425,2016-09-05,603.95
426,2016-09-06,604.99
427,2016-09-07,608.16
428,2016-09-08,615.33
429,2016-09-09,625.06
430,2016-09-10,622.0
431,2016-09-11,621.65
432,2016-09-12,604.02
433,2016-09-13,608.01
434,2016-09-14,608.82
435,2016-09-15,608.99
436,2016-09-16,606.72
437,2016-09-17,607.04
438,2016-09-18,604.09
439,2016-09-19,607.31
440,2016-09-20,608.66
441,2016-09-21,605.5
442,2016-09-22,595.46
443,2016-09-23,594.08
444,2016-09-24,600.7
445,2016-09-25,599.33
446,2016-09-26,598.98
447,2016-09-27,606.79
448,2016-09-28,604.26
449,2016-09-29,603.85
450,2016-09-30,604.13
451,2016-10-01,608.38
452,2016-10-02,612.98
453,2016-10-03,608.6
454,2016-10-04,612.98
455,2016-10-05,607.18
456,2016-10-06,608.0
457,2016-10-07,609.41
458,2016-10-08,614.74
459,2016-10-09,614.46
460,2016-10-10,613.06
461,2016-10-11,614.77
462,2016-10-12,638.3
463,2016-10-13,635.16
464,2016-10-14,634.02
465,2016-10-15,638.2
466,2016-10-16,636.86
467,2016-10-17,638.97
468,2016-10-18,635.54
469,2016-10-19,635.95
470,2016-10-20,627.72
471,2016-10-21,628.89
472,2016-10-22,629.0
473,2016-10-23,653.25
474,2016-10-24,649.69
475,2016-10-25,643.93
476,2016-10-26,651.45
477,2016-10-27,674.63
478,2016-10-28,685.0
479,2016-10-29,685.91
480,2016-10-30,712.0
481,2016-10-31,697.23
482,2016-11-01,697.01
483,2016-11-02,726.6
484,2016-11-03,741.12
485,2016-11-04,683.69
486,2016-11-05,702.71
487,2016-11-06,703.48
488,2016-11-07,709.96
489,2016-11-08,703.23
490,2016-11-09,708.15
491,2016-11-10,721.5
492,2016-11-11,714.48
493,2016-11-12,716.2
494,2016-11-13,702.28
495,2016-11-14,700.38
496,2016-11-15,705.03
497,2016-11-16,711.73
498,2016-11-17,739.42
499,2016-11-18,736.84
500,2016-11-19,748.98
501,2016-11-20,750.71
502,2016-11-21,727.09
503,2016-11-22,736.97
504,2016-11-23,749.26
505,2016-11-24,740.17
506,2016-11-25,735.64
507,2016-11-26,737.07
508,2016-11-27,729.91
509,2016-11-28,727.31
510,2016-11-29,729.45
511,2016-11-30,730.02
512,2016-12-01,742.05
513,2016-12-02,750.81
514,2016-12-03,769.99
515,2016-12-04,762.97
516,2016-12-05,762.0
517,2016-12-06,750.59
518,2016-12-07,758.99
519,2016-12-08,766.48
520,2016-12-09,767.28
521,2016-12-10,769.08
522,2016-12-11,772.28
523,2016-12-12,768.19
524,2016-12-13,777.99
525,2016-12-14,778.49
526,2016-12-15,777.09
527,2016-12-16,775.88
528,2016-12-17,781.32
529,2016-12-18,787.28
530,2016-12-19,788.67
531,2016-12-20,791.03
532,2016-12-21,801.51
533,2016-12-22,834.97
534,2016-12-23,860.18
535,2016-12-24,913.93
536,2016-12-25,892.6
537,2016-12-26,890.99
538,2016-12-27,896.82
539,2016-12-28,930.34
540,2016-12-29,975.89
541,2016-12-30,970.35
542,2016-12-31,958.12
543,2017-01-01,964.84
544,2017-01-02,997.36
545,2017-01-03,1013.42
546,2017-01-04,1037.83
547,2017-01-05,1109.16
548,2017-01-06,999.65
549,2017-01-07,891.95
550,2017-01-08,906.16
551,2017-01-09,910.49
552,2017-01-10,896.92
553,2017-01-11,903.66
554,2017-01-12,780.92
555,2017-01-13,805.52
556,2017-01-14,825.0
557,2017-01-15,819.55
558,2017-01-16,822.01
559,2017-01-17,830.56
560,2017-01-18,906.6
561,2017-01-19,885.44
562,2017-01-20,903.1
563,2017-01-21,895.64
564,2017-01-22,921.99
565,2017-01-23,922.33
566,2017-01-24,919.97
567,2017-01-25,883.59
568,2017-01-26,893.14
569,2017-01-27,915.05
570,2017-01-28,918.01
571,2017-01-29,918.62
572,2017-01-30,912.19
573,2017-01-31,920.0
574,2017-02-01,964.1
575,2017-02-02,983.42
576,2017-02-03,1008.67
577,2017-02-04,1015.65
578,2017-02-05,1034.07
579,2017-02-06,1011.08
580,2017-02-07,1023.96
581,2017-02-08,1052.84
582,2017-02-09,1050.7
583,2017-02-10,985.34
584,2017-02-11,997.59
585,2017-02-12,1012.46
586,2017-02-13,1000.74
587,2017-02-14,1001.2
588,2017-02-15,1007.08
589,2017-02-16,1011.25
590,2017-02-17,1035.2
591,2017-02-18,1054.55
592,2017-02-19,1056.0
593,2017-02-20,1050.87
594,2017-02-21,1084.06
595,2017-02-22,1125.0
596,2017-02-23,1130.01
597,2017-02-24,1187.41
598,2017-02-25,1180.14
599,2017-02-26,1150.37
600,2017-02-27,1180.46
601,2017-02-28,1194.17
602,2017-03-01,1190.89
603,2017-03-02,1224.98
604,2017-03-03,1257.6
605,2017-03-04,1287.0
606,2017-03-05,1262.2
607,2017-03-06,1271.04
608,2017-03-07,1279.5
609,2017-03-08,1233.88
610,2017-03-09,1155.11
611,2017-03-10,1192.09
612,2017-03-11,1104.94
613,2017-03-12,1176.59
614,2017-03-13,1227.68
615,2017-03-14,1240.72
616,2017-03-15,1246.72
617,2017-03-16,1257.0
618,2017-03-17,1170.2
619,2017-03-18,1068.3
620,2017-03-19,967.69
621,2017-03-20,1010.99
622,2017-03-21,1031.5
623,2017-03-22,1113.0
624,2017-03-23,1030.2
625,2017-03-24,1029.99
626,2017-03-25,927.93
627,2017-03-26,961.81
628,2017-03-27,959.47
629,2017-03-28,1041.04
630,2017-03-29,1042.77
631,2017-03-30,1039.77
632,2017-03-31,1034.74
633,2017-04-01,1073.09
634,2017-04-02,1082.81
635,2017-04-03,1079.99
636,2017-04-04,1146.98
637,2017-04-05,1141.23
638,2017-04-06,1133.53
639,2017-04-07,1193.73
640,2017-04-08,1190.22
641,2017-04-09,1184.03
642,2017-04-10,1206.18
643,2017-04-11,1209.99
644,2017-04-12,1219.09
645,2017-04-13,1212.17
646,2017-04-14,1174.43
647,2017-04-15,1170.36
648,2017-04-16,1190.5
649,2017-04-17,1161.1
650,2017-04-18,1176.97
651,2017-04-19,1201.2
652,2017-04-20,1205.0
653,2017-04-21,1236.63
654,2017-04-22,1243.61
655,2017-04-23,1233.24
656,2017-04-24,1240.84
657,2017-04-25,1253.57
658,2017-04-26,1272.67
659,2017-04-27,1288.02
660,2017-04-28,1330.33
661,2017-04-29,1330.7
662,2017-04-30,1333.0
663,2017-05-01,1354.8
664,2017-05-02,1390.86
665,2017-05-03,1447.55
666,2017-05-04,1501.0
667,2017-05-05,1537.23
668,2017-05-06,1518.75
669,2017-05-07,1554.04
670,2017-05-08,1558.74
671,2017-05-09,1651.1
672,2017-05-10,1720.26
673,2017-05-11,1774.52
674,2017-05-12,1829.0
675,2017-05-13,1692.88
676,2017-05-14,1770.8
677,2017-05-15,1780.0
678,2017-05-16,1717.91
679,2017-05-17,1708.99
680,2017-05-18,1783.98
681,2017-05-19,1879.99
682,2017-05-20,1957.38
683,2017-05-21,2008.84
684,2017-05-22,2017.55
685,2017-05-23,2099.98
686,2017-05-24,2256.32
687,2017-05-25,2421.49
688,2017-05-26,2277.01
689,2017-05-27,2279.82
690,2017-05-28,2047.76
691,2017-05-29,2177.38
692,2017-05-30,2290.02
693,2017-05-31,2204.89
694,2017-06-01,2298.01
695,2017-06-02,2409.93
696,2017-06-03,2488.98
697,2017-06-04,2541.29
698,2017-06-05,2529.53
699,2017-06-06,2699.12
700,2017-06-07,2872.3
701,2017-06-08,2683.03
702,2017-06-09,2809.01
703,2017-06-10,2825.14
704,2017-06-11,2898.63
705,2017-06-12,2954.96
706,2017-06-13,2656.97
707,2017-06-14,2706.0
708,2017-06-15,2445.0
709,2017-06-16,2424.8
710,2017-06-17,2477.94
711,2017-06-18,2629.76
712,2017-06-19,2522.0
713,2017-06-20,2600.0
714,2017-06-21,2740.0
715,2017-06-22,2658.69
716,2017-06-23,2713.48
717,2017-06-24,2685.05
718,2017-06-25,2557.0
719,2017-06-26,2502.03
720,2017-06-27,2430.0
721,2017-06-28,2558.11
722,2017-06-29,2558.3
723,2017-06-30,2541.69
724,2017-07-01,2476.63
725,2017-07-02,2421.26
726,2017-07-03,2512.71
727,2017-07-04,2549.93
728,2017-07-05,2598.89
729,2017-07-06,2600.0
730,2017-07-07,2599.67
731,2017-07-08,2502.86
732,2017-07-09,2555.14
733,2017-07-10,2509.58
734,2017-07-11,2327.09
735,2017-07-12,2310.93
736,2017-07-13,2388.0
737,2017-07-14,2338.49
738,2017-07-15,2216.1
739,2017-07-16,1972.29
740,2017-07-17,1910.96
741,2017-07-18,2220.07
742,2017-07-19,2300.01
743,2017-07-20,2265.21
744,2017-07-21,2840.0
745,2017-07-22,2672.95
746,2017-07-23,2825.51
747,2017-07-24,2748.36
748,2017-07-25,2759.58
749,2017-07-26,2564.3
750,2017-07-27,2516.93
751,2017-07-28,2656.53
752,2017-07-29,2784.8
753,2017-07-30,2704.53
754,2017-07-31,2738.92
755,2017-08-01,2862.9
756,2017-08-02,2731.34
757,2017-08-03,2699.39
758,2017-08-04,2790.0
759,2017-08-05,2856.52
760,2017-08-06,3250.77
761,2017-08-07,3210.2
762,2017-08-08,3380.5
763,2017-08-09,3408.75
764,2017-08-10,3340.28
765,2017-08-11,3413.41
766,2017-08-12,3650.0
767,2017-08-13,3868.52
768,2017-08-14,4073.76
769,2017-08-15,4315.66
770,2017-08-16,4179.97
771,2017-08-17,4375.8
772,2017-08-18,4279.79
773,2017-08-19,4104.71
774,2017-08-20,4146.09
775,2017-08-21,4054.6
776,2017-08-22,3986.28
777,2017-08-23,4090.89
778,2017-08-24,4133.67
779,2017-08-25,4331.77
780,2017-08-26,4357.77
781,2017-08-27,4339.82
782,2017-08-28,4339.05
783,2017-08-29,4376.66
784,2017-08-30,4594.54
785,2017-08-31,4582.52
786,2017-09-01,4732.87
787,2017-09-02,4908.41
788,2017-09-03,4585.57
789,2017-09-04,4603.54
790,2017-09-05,4202.91
791,2017-09-06,4385.02
792,2017-09-07,4612.12
793,2017-09-08,4613.84
794,2017-09-09,4312.26
795,2017-09-10,4330.87
796,2017-09-11,4232.93
797,2017-09-12,4198.59
798,2017-09-13,4169.94
799,2017-09-14,3865.22
800,2017-09-15,3216.43
801,2017-09-16,3707.5
802,2017-09-17,3689.11
803,2017-09-18,3678.53
804,2017-09-19,4092.07
805,2017-09-20,3899.35
806,2017-09-21,3894.48
807,2017-09-22,3600.92
808,2017-09-23,3604.79
809,2017-09-24,3777.62
810,2017-09-25,3666.31
811,2017-09-26,3931.98
812,2017-09-27,3881.0
813,2017-09-28,4204.51
814,2017-09-29,4189.38
815,2017-09-30,4164.27
816,2017-10-01,4354.16
817,2017-10-02,4405.01
818,2017-10-03,4394.07
819,2017-10-04,4308.33
820,2017-10-05,4211.55
821,2017-10-06,4318.58
822,2017-10-07,4369.57
823,2017-10-08,4439.46
824,2017-10-09,4605.66
825,2017-10-10,4773.84
826,2017-10-11,4776.5
827,2017-10-12,4822.17
828,2017-10-13,5435.75
829,2017-10-14,5636.24
830,2017-10-15,5825.99
831,2017-10-16,5691.69
832,2017-10-17,5764.24
833,2017-10-18,5594.66
834,2017-10-19,5571.92
835,2017-10-20,5697.16
836,2017-10-21,5986.44
837,2017-10-22,6012.65
838,2017-10-23,5982.49
839,2017-10-24,5900.59
840,2017-10-25,5510.76
841,2017-10-26,5732.35
842,2017-10-27,5889.82
843,2017-10-28,5769.89
844,2017-10-29,5728.65
845,2017-10-30,6136.49
846,2017-10-31,6133.16
847,2017-11-01,6416.07
848,2017-11-02,6751.98
849,2017-11-03,7024.56
850,2017-11-04,7213.04
851,2017-11-05,7365.99
852,2017-11-06,7392.51
853,2017-11-07,6960.58
854,2017-11-08,7128.64
855,2017-11-09,7468.44
856,2017-11-10,7092.42
857,2017-11-11,6569.22
858,2017-11-12,6340.89
859,2017-11-13,5890.08
860,2017-11-14,6493.63
861,2017-11-15,6592.73
862,2017-11-16,7279.78
863,2017-11-17,7868.77
864,2017-11-18,7718.2
865,2017-11-19,7791.3
866,2017-11-20,8049.72
867,2017-11-21,8242.81
868,2017-11-22,8095.88
869,2017-11-23,8236.72
870,2017-11-24,8043.31
871,2017-11-25,8212.78
872,2017-11-26,8768.8
873,2017-11-27,9311.7
874,2017-11-28,9717.32
875,2017-11-29,9919.0
876,2017-11-30,9646.35
877,2017-12-01,9988.19
878,2017-12-02,10879.88
879,2017-12-03,10912.87
880,2017-12-04,11179.52
881,2017-12-05,11591.22
882,2017-12-06,11660.41
883,2017-12-07,13843.93
884,2017-12-08,16860.88
885,2017-12-09,15875.27
886,2017-12-10,14652.37
887,2017-12-11,15068.95
888,2017-12-12,16732.72
889,2017-12-13,16916.8
890,2017-12-14,16252.31
891,2017-12-15,16408.15
892,2017-12-16,17507.86
893,2017-12-17,19279.9
894,2017-12-18,18905.26
895,2017-12-19,18911.79
896,2017-12-20,17382.94
897,2017-12-21,16357.24
898,2017-12-22,15521.07
899,2017-12-23,13776.61
900,2017-12-24,14121.53
901,2017-12-25,13554.31
902,2017-12-26,13740.94
903,2017-12-27,15677.99
904,2017-12-28,15422.19
905,2017-12-29,14214.01
906,2017-12-30,14413.54
907,2017-12-31,12612.54
908,2018-01-01,13796.0
909,2018-01-02,13374.98
910,2018-01-03,14793.46
911,2018-01-04,15039.24
912,2018-01-05,15169.66
913,2018-01-06,16914.73
914,2018-01-07,17155.95
915,2018-01-08,16192.91
916,2018-01-09,14962.63
917,2018-01-10,14437.42
918,2018-01-11,14882.86
919,2018-01-12,13285.55
920,2018-01-13,13791.19
921,2018-01-14,14246.18
922,2018-01-15,13583.83
923,2018-01-16,13554.14
924,2018-01-17,11307.27
925,2018-01-18,11091.26
926,2018-01-19,11174.82
927,2018-01-20,11506.51
928,2018-01-21,12744.58
929,2018-01-22,11513.42
930,2018-01-23,10770.49
931,2018-01-24,10831.49
932,2018-01-25,11392.03
933,2018-01-26,11150.79
934,2018-01-27,11094.24
935,2018-01-28,11431.37
936,2018-01-29,11742.33
937,2018-01-30,11186.12
938,2018-01-31,10082.52
939,2018-02-01,10204.0
940,2018-02-02,9098.27
941,2018-02-03,8852.73
942,2018-02-04,9224.62
943,2018-02-05,8202.06
944,2018-02-06,6925.46
945,2018-02-07,7712.37
946,2018-02-08,7585.17
947,2018-02-09,8245.08
948,2018-02-10,8688.86
949,2018-02-11,8561.0
950,2018-02-12,8068.02
951,2018-02-13,8895.72
952,2018-02-14,8527.87
953,2018-02-15,9471.64
954,2018-02-16,10033.77
955,2018-02-17,10178.56
956,2018-02-18,11085.83
957,2018-02-19,10392.46
958,2018-02-20,11171.78
959,2018-02-21,11245.98
960,2018-02-22,10485.78
961,2018-02-23,9850.78
962,2018-02-24,10171.3
963,2018-02-25,9699.76
964,2018-02-26,9582.29
965,2018-02-27,10319.46
966,2018-02-28,10628.61
967,2018-03-01,10332.14
968,2018-03-02,10931.12
969,2018-03-03,11040.53
970,2018-03-04,11453.34
971,2018-03-05,11516.83
972,2018-03-06,11442.48
973,2018-03-07,10727.69
974,2018-03-08,9920.46
975,2018-03-09,9324.5
976,2018-03-10,9262.8
977,2018-03-11,8777.37
978,2018-03-12,9538.93
979,2018-03-13,9130.0
980,2018-03-14,9153.54
981,2018-03-15,8214.99
982,2018-03-16,8263.34
983,2018-03-17,8297.89
984,2018-03-18,7885.08
985,2018-03-19,8214.46
986,2018-03-20,8605.64
987,2018-03-21,8909.95
988,2018-03-22,8909.26
989,2018-03-23,8725.37
990,2018-03-24,8917.48
991,2018-03-25,8533.76
992,2018-03-26,8457.96
993,2018-03-27,8146.5
994,2018-03-28,7797.25
995,2018-03-29,7950.61
996,2018-03-30,7099.17
997,2018-03-31,6854.19
998,2018-04-01,6937.56
999,2018-04-02,6827.54
1000,2018-04-03,7065.29
1001,2018-04-04,7426.48
1002,2018-04-05,6810.71
1003,2018-04-06,6786.66
1004,2018-04-07,6634.68
1005,2018-04-08,6910.12
1006,2018-04-09,7029.71
1007,2018-04-10,6784.41
1008,2018-04-11,6849.3
1009,2018-04-12,6955.36
1010,2018-04-13,7941.46
1011,2018-04-14,7895.25
1012,2018-04-15,8013.91
1013,2018-04-16,8368.1
1014,2018-04-17,8069.03
1015,2018-04-18,7907.19
1016,2018-04-19,8175.96
1017,2018-04-20,8288.12
1018,2018-04-21,8876.51
1019,2018-04-22,8930.6
1020,2018-04-23,8812.76
1021,2018-04-24,8952.68
1022,2018-04-25,9658.11
1023,2018-04-26,8870.14
1024,2018-04-27,9294.67
1025,2018-04-28,8928.55
1026,2018-04-29,9349.41
1027,2018-04-30,9398.4
1028,2018-05-01,9239.55
1029,2018-05-02,9074.98
1030,2018-05-03,9220.76
1031,2018-05-04,9753.35
1032,2018-05-05,9696.13
1033,2018-05-06,9837.92
1034,2018-05-07,9631.44
1035,2018-05-08,9369.16
1036,2018-05-09,9186.69
1037,2018-05-10,9310.37
1038,2018-05-11,9015.88
1039,2018-05-12,8396.83
1040,2018-05-13,8463.52
1041,2018-05-14,8691.46
1042,2018-05-15,8671.51
1043,2018-05-16,8471.06
1044,2018-05-17,8343.27
1045,2018-05-18,8063.86
1046,2018-05-19,8239.08
1047,2018-05-20,8242.07
1048,2018-05-21,8520.59
1049,2018-05-22,8396.63
1050,2018-05-23,7987.38
1051,2018-05-24,7511.91
1052,2018-05-25,7576.78
1053,2018-05-26,7465.12
1054,2018-05-27,7334.71
1055,2018-05-28,7344.56
1056,2018-05-29,7106.06
1057,2018-05-30,7457.02
1058,2018-05-31,7386.72
1059,2018-06-01,7489.66
1060,2018-06-02,7518.67
1061,2018-06-03,7637.14
1062,2018-06-04,7713.85
1063,2018-06-05,7495.47
1064,2018-06-06,7619.43
1065,2018-06-07,7653.96
1066,2018-06-08,7687.37
1067,2018-06-09,7615.54
1068,2018-06-10,7497.1
1069,2018-06-11,6762.1
1070,2018-06-12,6879.31
1071,2018-06-13,6553.0
1072,2018-06-14,6299.89
1073,2018-06-15,6637.41
1074,2018-06-16,6391.16
1075,2018-06-17,6488.68
1076,2018-06-18,6445.79
1077,2018-06-19,6712.5
1078,2018-06-20,6743.41
1079,2018-06-21,6760.83
1080,2018-06-22,6719.79
1081,2018-06-23,6059.3
1082,2018-06-24,6170.46
1083,2018-06-25,6157.04
1084,2018-06-26,6249.62
1085,2018-06-27,6097.46
1086,2018-06-28,6143.97
1087,2018-06-29,5878.14
1088,2018-06-30,6223.28
1089,2018-07-01,6408.91
1090,2018-07-02,6365.66
1091,2018-07-03,6626.44
1092,2018-07-04,6518.97
1093,2018-07-05,6602.32
1094,2018-07-06,6555.51
1095,2018-07-07,6628.59
1096,2018-07-08,6778.38
1097,2018-07-09,6724.04
1098,2018-07-10,6682.68
1099,2018-07-11,6329.27
1100,2018-07-12,6403.18
1101,2018-07-13,6239.47
1102,2018-07-14,6220.1
1103,2018-07-15,6248.84
1104,2018-07-16,6348.09
1105,2018-07-17,6732.81
1106,2018-07-18,7321.62
1107,2018-07-19,7371.11
1108,2018-07-20,7473.9
1109,2018-07-21,7334.99
1110,2018-07-22,7408.99
1111,2018-07-23,7406.66
1112,2018-07-24,7715.1
1113,2018-07-25,8418.11
1114,2018-07-26,8171.65
1115,2018-07-27,7939.81
1116,2018-07-28,8178.33
1117,2018-07-29,8219.92
1118,2018-07-30,8220.91
1119,2018-07-31,8171.49
1120,2018-08-01,7735.28
1121,2018-08-02,7607.7
1122,2018-08-03,7535.88
1123,2018-08-04,7414.77
1124,2018-08-05,7011.28
1125,2018-08-06,7032.3
1126,2018-08-07,6937.23
1127,2018-08-08,6718.23
1128,2018-08-09,6277.59
1129,2018-08-10,6532.36
1130,2018-08-11,6138.96
1131,2018-08-12,6227.85
1132,2018-08-13,6313.42
1133,2018-08-14,6252.13
1134,2018-08-15,6189.97
1135,2018-08-16,6270.67
1136,2018-08-17,6312.75
1137,2018-08-18,6577.74
1138,2018-08-19,6394.18
1139,2018-08-20,6486.58
1140,2018-08-21,6262.64
1141,2018-08-22,6472.41
1142,2018-08-23,6354.57
1143,2018-08-24,6525.96
1144,2018-08-25,6691.39
1145,2018-08-26,6738.27
1146,2018-08-27,6707.96
1147,2018-08-28,6901.26
1148,2018-08-29,7078.19
1149,2018-08-30,7032.13
1150,2018-08-31,6986.54
1151,2018-09-01,7018.78
1152,2018-09-02,7197.43
1153,2018-09-03,7291.84
1154,2018-09-04,7265.08
1155,2018-09-05,7359.19
1156,2018-09-06,6695.32
1157,2018-09-07,6501.19
1158,2018-09-08,6399.85
1159,2018-09-09,6184.06
1160,2018-09-10,6240.98
1161,2018-09-11,6306.59
1162,2018-09-12,6283.54
1163,2018-09-13,6326.04
1164,2018-09-14,6479.6
1165,2018-09-15,6487.12
1166,2018-09-16,6522.39
1167,2018-09-17,6497.37
1168,2018-09-18,6253.99
1169,2018-09-19,6342.39
1170,2018-09-20,6389.3
1171,2018-09-21,6496.02
1172,2018-09-22,6756.12
1173,2018-09-23,6718.7
1174,2018-09-24,6705.66
1175,2018-09-25,6583.45
1176,2018-09-26,6432.71
1177,2018-09-27,6459.35
1178,2018-09-28,6686.08
1179,2018-09-29,6628.66
1180,2018-09-30,6592.64
1181,2018-10-01,6611.02
1182,2018-10-02,6586.58
1183,2018-10-03,6521.31
1184,2018-10-04,6483.73
1185,2018-10-05,6568.14
1186,2018-10-06,6620.63
1187,2018-10-07,6573.62
1188,2018-10-08,6588.93
1189,2018-10-09,6641.33
1190,2018-10-10,6626.85
1191,2018-10-11,6581.07
1192,2018-10-12,6207.79
1193,2018-10-13,6247.0
1194,2018-10-14,6265.9
1195,2018-10-15,6265.16
1196,2018-10-16,6599.17
1197,2018-10-17,6616.45
1198,2018-10-18,6595.51
1199,2018-10-19,6509.61
1200,2018-10-20,6463.58
1201,2018-10-21,6504.92
1202,2018-10-22,6504.78
1203,2018-10-23,6493.89
1204,2018-10-24,6476.85
1205,2018-10-25,6489.77
1206,2018-10-26,6466.29
1207,2018-10-27,6472.17
1208,2018-10-28,6457.21
1209,2018-10-29,6449.37
1210,2018-10-30,6307.51
1211,2018-10-31,6301.61
1212,2018-11-01,6338.78
1213,2018-11-02,6373.08
1214,2018-11-03,6390.42
1215,2018-11-04,6361.3
1216,2018-11-05,6454.0
1217,2018-11-06,6437.76
1218,2018-11-07,6477.84
1219,2018-11-08,6536.83
1220,2018-11-09,6444.97
1221,2018-11-10,6377.4
1222,2018-11-11,6388.46
1223,2018-11-12,6408.53
1224,2018-11-13,6384.75
1225,2018-11-14,6358.25
1226,2018-11-15,5756.77
1227,2018-11-16,5658.73
1228,2018-11-17,5592.58
1229,2018-11-18,5572.44
1230,2018-11-19,5616.29
1231,2018-11-20,4848.78
1232,2018-11-21,4491.98
1233,2018-11-22,4616.44
1234,2018-11-23,4312.31
1235,2018-11-24,4352.98
1236,2018-11-25,3862.01
1237,2018-11-26,4010.72
1238,2018-11-27,3793.35
1239,2018-11-28,3828.45
1240,2018-11-29,4256.55
1241,2018-11-30,4278.77
1242,2018-12-01,4013.52
1243,2018-12-02,4188.09
1244,2018-12-03,4140.6
1245,2018-12-04,3894.21
1246,2018-12-05,3956.94
1247,2018-12-06,3744.98
1248,2018-12-07,3484.94
1249,2018-12-08,3425.69
1250,2018-12-09,3453.66
1251,2018-12-10,3588.44
1252,2018-12-11,3472.98
1253,2018-12-12,3407.28
1254,2018-12-13,3487.73
1255,2018-12-14,3308.11
1256,2018-12-15,3242.42
1257,2018-12-16,3231.91
1258,2018-12-17,3246.64
1259,2018-12-18,3556.54
1260,2018-12-19,3714.09
1261,2018-12-20,3734.55
1262,2018-12-21,4135.19
1263,2018-12-22,3899.83
1264,2018-12-23,4031.85
1265,2018-12-24,3995.17
1266,2018-12-25,4075.15
1267,2018-12-26,3821.52
1268,2018-12-27,3848.21
1269,2018-12-28,3638.9
1270,2018-12-29,3923.19
1271,2018-12-30,3770.36
1272,2018-12-31,3865.26
1273,2019-01-01,3737.91
1274,2019-01-02,3855.88
1275,2019-01-03,3931.31
1276,2019-01-04,3822.87
1277,2019-01-05,3856.62
1278,2019-01-06,3831.94
1279,2019-01-07,4071.77
1280,2019-01-08,4032.25
1281,2019-01-09,4020.97
1282,2019-01-10,4016.92
1283,2019-01-11,3646.25
1284,2019-01-12,3656.9
1285,2019-01-13,3637.31
1286,2019-01-14,3531.96
1287,2019-01-15,3682.48
1288,2019-01-16,3600.16
1289,2019-01-17,3621.43
1290,2019-01-18,3658.41
1291,2019-01-19,3625.73
1292,2019-01-20,3703.98
1293,2019-01-21,3548.98
1294,2019-01-22,3540.02
1295,2019-01-23,3587.35
1296,2019-01-24,3566.4
1297,2019-01-25,3586.25
1298,2019-01-26,3577.79
1299,2019-01-27,3576.3
1300,2019-01-28,3554.5
1301,2019-01-29,3448.58
1302,2019-01-30,3421.6
1303,2019-01-31,3470.0
1304,2019-02-01,3444.81
1305,2019-02-02,3475.33
1306,2019-02-03,3506.22
1307,2019-02-04,3456.02
1308,2019-02-05,3452.35
1309,2019-02-06,3467.34
1310,2019-02-07,3405.7
1311,2019-02-08,3394.76
1312,2019-02-09,3661.08
1313,2019-02-10,3664.38
1314,2019-02-11,3686.29
1315,2019-02-12,3629.47
1316,2019-02-13,3632.42
1317,2019-02-14,3614.5
1318,2019-02-15,3600.31
1319,2019-02-16,3608.2
1320,2019-02-17,3619.55
1321,2019-02-18,3670.74
1322,2019-02-19,3910.8
1323,2019-02-20,3926.53
1324,2019-02-21,3987.18
1325,2019-02-22,3944.88
1326,2019-02-23,3983.48
1327,2019-02-24,4139.6
1328,2019-02-25,3766.89
1329,2019-02-26,3848.33
1330,2019-02-27,3831.45
1331,2019-02-28,3833.23
1332,2019-03-01,3850.08
1333,2019-03-02,3834.62
1334,2019-03-03,3831.44
1335,2019-03-04,3814.58
1336,2019-03-05,3730.98
1337,2019-03-06,3872.25
1338,2019-03-07,3876.85
1339,2019-03-08,3886.82
1340,2019-03-09,3875.96
1341,2019-03-10,3950.56
1342,2019-03-11,3928.17
1343,2019-03-12,3881.09
1344,2019-03-13,3892.51
1345,2019-03-14,3877.77
1346,2019-03-15,3885.21
1347,2019-03-16,3936.5
1348,2019-03-17,4015.95
1349,2019-03-18,3994.92
1350,2019-03-19,3998.77
1351,2019-03-20,4029.11
1352,2019-03-21,4056.4
1353,2019-03-22,3992.34
1354,2019-03-23,3999.06
1355,2019-03-24,4011.92
1356,2019-03-25,3994.11
1357,2019-03-26,3935.89
1358,2019-03-27,3947.74
1359,2019-03-28,4048.51
1360,2019-03-29,4037.37
1361,2019-03-30,4115.55
1362,2019-03-31,4114.44
1363,2019-04-01,4114.16
1364,2019-04-02,4152.53
1365,2019-04-03,4882.88
1366,2019-04-04,4959.81
1367,2019-04-05,4911.24
1368,2019-04-06,5028.77
1369,2019-04-07,5053.52
1370,2019-04-08,5189.39
1371,2019-04-09,5268.71
1372,2019-04-10,5175.81
1373,2019-04-11,5310.18
1374,2019-04-12,5035.02
1375,2019-04-13,5072.85
1376,2019-04-14,5064.62
1377,2019-04-15,5152.51
1378,2019-04-16,5036.18
1379,2019-04-17,5196.65
1380,2019-04-18,5220.37
1381,2019-04-19,5276.31
1382,2019-04-20,5277.04
1383,2019-04-21,5309.28
1384,2019-04-22,5281.83
1385,2019-04-23,5377.19
1386,2019-04-24,5518.16
1387,2019-04-25,5434.19
1388,2019-04-26,5195.61
1389,2019-04-27,5292.83
1390,2019-04-28,5280.19
1391,2019-04-29,5301.29
1392,2019-04-30,5260.65
1393,2019-05-01,5269.79
1394,2019-05-02,5326.67
1395,2019-05-03,5390.16
1396,2019-05-04,5657.14
1397,2019-05-05,5771.08
1398,2019-05-06,5717.66
1399,2019-05-07,5684.47
1400,2019-05-08,5755.72
1401,2019-05-09,5936.72
1402,2019-05-10,6146.91
1403,2019-05-11,6348.02
1404,2019-05-12,7248.31
1405,2019-05-13,6978.63
1406,2019-05-14,7823.11
1407,2019-05-15,7992.69
1408,2019-05-16,8206.9
1409,2019-05-17,7885.96
1410,2019-05-18,7362.22
1411,2019-05-19,7265.05
1412,2019-05-20,8193.7
1413,2019-05-21,8007.03
1414,2019-05-22,7952.5
1415,2019-05-23,7625.93
1416,2019-05-24,7880.29
1417,2019-05-25,8003.26
1418,2019-05-26,8071.45
1419,2019-05-27,8744.42
1420,2019-05-28,8770.06
1421,2019-05-29,8719.88
1422,2019-05-30,8662.98
1423,2019-05-31,8272.46
1424,2019-06-01,8553.81
1425,2019-06-02,8554.8
1426,2019-06-03,8739.03
1427,2019-06-04,8134.92
1428,2019-06-05,7675.8
1429,2019-06-06,7786.04
1430,2019-06-07,7803.23
1431,2019-06-08,7998.29
1432,2019-06-09,7931.34
1433,2019-06-10,7640.61
1434,2019-06-11,8020.38
1435,2019-06-12,7917.58
1436,2019-06-13,8173.06
1437,2019-06-14,8237.88
1438,2019-06-15,8693.6
1439,2019-06-16,8859.47
1440,2019-06-17,8978.99
1441,2019-06-18,9327.48
1442,2019-06-19,9076.18
1443,2019-06-20,9281.7
1444,2019-06-21,9531.35
1445,2019-06-22,10209.38
1446,2019-06-23,10668.63
1447,2019-06-24,10814.48
1448,2019-06-25,11017.5
1449,2019-06-26,11766.4
1450,2019-06-27,12932.55
1451,2019-06-28,11132.85
1452,2019-06-29,12374.35
1453,2019-06-30,11890.38
1454,2019-07-01,10737.73
1455,2019-07-02,10578.72
1456,2019-07-03,10805.4
1457,2019-07-04,11984.76
1458,2019-07-05,11160.49
1459,2019-07-06,10955.16
1460,2019-07-07,11232.04
1461,2019-07-08,11477.01
1462,2019-07-09,12313.08
1463,2019-07-10,12586.78
1464,2019-07-11,12099.9
1465,2019-07-12,11352.87
1466,2019-07-13,11803.97
1467,2019-07-14,11389.1
1468,2019-07-15,10186.96
1469,2019-07-16,10873.5
1470,2019-07-17,9397.72
1471,2019-07-18,9674.28
1472,2019-07-19,10638.56
1473,2019-07-20,10535.75
1474,2019-07-21,10764.9
1475,2019-07-22,10587.41
1476,2019-07-23,10323.62
1477,2019-07-24,9844.3
1478,2019-07-25,9772.17
1479,2019-07-26,9875.17
1480,2019-07-27,9848.65
1481,2019-07-28,9473.99
1482,2019-07-29,9530.0
1483,2019-07-30,9501.33
1484,2019-07-31,9589.13
1485,2019-08-01,10084.7
1486,2019-08-02,10407.17
1487,2019-08-03,10529.55
1488,2019-08-04,10814.57
1489,2019-08-05,10980.23
1490,2019-08-06,11787.99
1491,2019-08-07,11465.67
1492,2019-08-08,11960.82
1493,2019-08-09,11996.41
1494,2019-08-10,11856.64
1495,2019-08-11,11282.22
1496,2019-08-12,11566.84
1497,2019-08-13,11386.26
1498,2019-08-14,10858.12
1499,2019-08-15,10016.96
1500,2019-08-16,10302.17
1501,2019-08-17,10359.44
1502,2019-08-18,10214.52
1503,2019-08-19,10317.6
1504,2019-08-20,10917.26
1505,2019-08-21,10760.56
1506,2019-08-22,10129.4
1507,2019-08-23,10111.98
1508,2019-08-24,10405.81
1509,2019-08-25,10143.8
1510,2019-08-26,10135.06
1511,2019-08-27,10360.28
1512,2019-08-28,10171.95
1513,2019-08-29,9717.82
1514,2019-08-30,9484.55
1515,2019-08-31,9577.99
1516,2019-09-01,9600.9
1517,2019-09-02,9769.79
1518,2019-09-03,10386.64
1519,2019-09-04,10621.29
1520,2019-09-05,10584.16
1521,2019-09-06,10577.8
1522,2019-09-07,10317.47
1523,2019-09-08,10487.21
1524,2019-09-09,10406.31
1525,2019-09-10,10313.66
1526,2019-09-11,10101.03
1527,2019-09-12,10159.32
1528,2019-09-13,10420.16
1529,2019-09-14,10363.9
1530,2019-09-15,10361.33
1531,2019-09-16,10310.43
1532,2019-09-17,10265.63
1533,2019-09-18,10190.36
1534,2019-09-19,10157.59
1535,2019-09-20,10275.88
1536,2019-09-21,10173.11
1537,2019-09-22,9979.49
1538,2019-09-23,10033.05
1539,2019-09-24,9683.38
1540,2019-09-25,8553.61
1541,2019-09-26,8432.23
1542,2019-09-27,8055.64
1543,2019-09-28,8193.9
1544,2019-09-29,8225.0
1545,2019-09-30,8056.74
1546,2019-10-01,8307.74
1547,2019-10-02,8322.92
1548,2019-10-03,8382.03
1549,2019-10-04,8236.17
1550,2019-10-05,8155.48
1551,2019-10-06,8147.69
1552,2019-10-07,7869.74
1553,2019-10-08,8212.02
1554,2019-10-09,8190.0
1555,2019-10-10,8587.92
1556,2019-10-11,8586.9
1557,2019-10-12,8269.73
1558,2019-10-13,8308.01
1559,2019-10-14,8283.76
1560,2019-10-15,8353.54
1561,2019-10-16,8162.16
1562,2019-10-17,8002.51
1563,2019-10-18,8076.78
1564,2019-10-19,7954.15
1565,2019-10-20,7960.04
1566,2019-10-21,8231.06
1567,2019-10-22,8222.52
1568,2019-10-23,8026.76
1569,2019-10-24,7469.56
1570,2019-10-25,7431.88
1571,2019-10-26,8666.79
1572,2019-10-27,9259.8
1573,2019-10-28,9551.54
1574,2019-10-29,9218.76
1575,2019-10-30,9433.35
1576,2019-10-31,9164.62
1577,2019-11-01,9147.98
1578,2019-11-02,9252.99
1579,2019-11-03,9301.18
1580,2019-11-04,9206.16
1581,2019-11-05,9418.05
1582,2019-11-06,9310.19
1583,2019-11-07,9343.34
1584,2019-11-08,9204.24
1585,2019-11-09,8766.04
1586,2019-11-10,8809.41
1587,2019-11-11,9037.12
1588,2019-11-12,8717.81
1589,2019-11-13,8801.52
1590,2019-11-14,8762.42
1591,2019-11-15,8632.32
1592,2019-11-16,8457.69
1593,2019-11-17,8482.7
1594,2019-11-18,8503.93
1595,2019-11-19,8175.99
1596,2019-11-20,8120.8
1597,2019-11-21,8081.81
1598,2019-11-22,7617.07
1599,2019-11-23,7286.35
1600,2019-11-24,7324.03
1601,2019-11-25,6907.4
1602,2019-11-26,7130.25
1603,2019-11-27,7163.63
1604,2019-11-28,7523.83
1605,2019-11-29,7431.0
1606,2019-11-30,7757.47
1607,2019-12-01,7557.72
1608,2019-12-02,7402.69
1609,2019-12-03,7309.59
1610,2019-12-04,7296.77
1611,2019-12-05,7192.85
1612,2019-12-06,7395.97
1613,2019-12-07,7547.19
1614,2019-12-08,7504.83
1615,2019-12-09,7522.39
1616,2019-12-10,7337.42
1617,2019-12-11,7220.76
1618,2019-12-12,7202.31
1619,2019-12-13,7189.16
1620,2019-12-14,7251.87
1621,2019-12-15,7067.74
1622,2019-12-16,7111.14
1623,2019-12-17,6879.54
1624,2019-12-18,6612.12
1625,2019-12-19,7284.29
1626,2019-12-20,7150.86
1627,2019-12-21,7190.17
1628,2019-12-22,7143.2
1629,2019-12-23,7514.41
1630,2019-12-24,7322.08
1631,2019-12-25,7250.69
1632,2019-12-26,7192.72
1633,2019-12-27,7194.4
1634,2019-12-28,7243.93
1635,2019-12-29,7301.07
1636,2019-12-30,7385.36
1637,2019-12-31,7219.6
1638,2020-01-01,7168.31
1639,2020-01-02,7175.68
1640,2020-01-03,6944.33
1641,2020-01-04,7326.35
1642,2020-01-05,7347.89
1643,2020-01-06,7351.57
1644,2020-01-07,7759.24
1645,2020-01-08,8165.47
1646,2020-01-09,8042.65
1647,2020-01-10,7817.92
1648,2020-01-11,8184.66
1649,2020-01-12,8021.49
1650,2020-01-13,8173.97
1651,2020-01-14,8105.24
1652,2020-01-15,8842.42
1653,2020-01-16,8813.89
1654,2020-01-17,8722.03
1655,2020-01-18,8900.34
1656,2020-01-19,8910.85
1657,2020-01-20,8703.36
1658,2020-01-21,8626.47
1659,2020-01-22,8722.26
1660,2020-01-23,8658.94
1661,2020-01-24,8388.11
1662,2020-01-25,8428.17
1663,2020-01-26,8327.36
1664,2020-01-27,8588.42
1665,2020-01-28,8895.78
1666,2020-01-29,9385.69
1667,2020-01-30,9279.81
1668,2020-01-31,9502.37
1669,2020-02-01,9333.77
1670,2020-02-02,9378.09
1671,2020-02-03,9314.56
1672,2020-02-04,9284.51
1673,2020-02-05,9162.14
1674,2020-02-06,9614.9
1675,2020-02-07,9755.66
1676,2020-02-08,9807.54
1677,2020-02-09,9907.12
1678,2020-02-10,10162.41
1679,2020-02-11,9854.79
1680,2020-02-12,10275.38
1681,2020-02-13,10354.3
1682,2020-02-14,10242.43
1683,2020-02-15,10368.53
1684,2020-02-16,9904.17
1685,2020-02-17,9937.67
1686,2020-02-18,9703.93
1687,2020-02-19,10180.65
1688,2020-02-20,9604.72
1689,2020-02-21,9606.86
1690,2020-02-22,9696.58
1691,2020-02-23,9669.63
1692,2020-02-24,9989.39
1693,2020-02-25,9663.75
1694,2020-02-26,9309.15
1695,2020-02-27,8785.52
1696,2020-02-28,8804.72
1697,2020-02-29,8712.35
1698,2020-03-01,8531.42
1699,2020-03-02,8534.17
1700,2020-03-03,8912.82
1701,2020-03-04,8754.34
1702,2020-03-05,8758.9
1703,2020-03-06,9067.39
1704,2020-03-07,9155.89
1705,2020-03-08,8898.63
1706,2020-03-09,8039.38
1707,2020-03-10,7931.94
1708,2020-03-11,7885.46
1709,2020-03-12,7936.65
1710,2020-03-13,4830.21
1711,2020-03-14,5609.03
1712,2020-03-15,5166.26
1713,2020-03-16,5348.44
1714,2020-03-17,5026.35
1715,2020-03-18,5357.61
1716,2020-03-19,5410.23
1717,2020-03-20,6195.2
1718,2020-03-21,6226.44
1719,2020-03-22,6189.85
1720,2020-03-23,5822.62
1721,2020-03-24,6502.16
1722,2020-03-25,6768.49
1723,2020-03-26,6698.46
1724,2020-03-27,6763.75
1725,2020-03-28,6369.09
1726,2020-03-29,6260.95
1727,2020-03-30,5885.41
1728,2020-03-31,6405.29
1729,2020-04-01,6428.28
1730,2020-04-02,6652.87
1731,2020-04-03,6809.11
1732,2020-04-04,6741.67
1733,2020-04-05,6871.69
1734,2020-04-06,6777.44
1735,2020-04-07,7343.2
1736,2020-04-08,7205.55
1737,2020-04-09,7365.03
1738,2020-04-10,7293.69
1739,2020-04-11,6873.24
1740,2020-04-12,6891.6
1741,2020-04-13,6915.37
1742,2020-04-14,6857.66
1743,2020-04-15,6871.95
1744,2020-04-16,6623.8
1745,2020-04-17,7112.27
1746,2020-04-18,7034.89
1747,2020-04-19,7259.36
1748,2020-04-20,7130.04
1749,2020-04-21,6840.24
1750,2020-04-22,6852.52
1751,2020-04-23,7130.99
1752,2020-04-24,7477.6
1753,2020-04-25,7507.08
1754,2020-04-26,7549.52
1755,2020-04-27,7699.27
1756,2020-04-28,7790.66
1757,2020-04-29,7765.33
1758,2020-04-30,8777.63
1759,2020-05-01,8628.77
1760,2020-05-02,8824.66
1761,2020-05-03,8973.82
1762,2020-05-04,8903.95
1763,2020-05-05,8885.93
1764,2020-05-06,9030.96
1765,2020-05-07,9170.79
1766,2020-05-08,10002.48
1767,2020-05-09,9821.8
1768,2020-05-10,9527.39
1769,2020-05-11,8754.46
1770,2020-05-12,8617.25
1771,2020-05-13,8814.53
1772,2020-05-14,9305.93
1773,2020-05-15,9790.31
1774,2020-05-16,9303.59
1775,2020-05-17,9385.7
1776,2020-05-18,9669.4
1777,2020-05-19,9719.37
1778,2020-05-20,9785.74
1779,2020-05-21,9510.67
1780,2020-05-22,9057.57
1781,2020-05-23,9167.26
1782,2020-05-24,9178.32
1783,2020-05-25,8730.73
1784,2020-05-26,8899.66
1785,2020-05-27,8842.85
1786,2020-05-28,9197.54
1787,2020-05-29,9569.21
1788,2020-05-30,9425.98
1789,2020-05-31,9698.1
1790,2020-06-01,9450.84
1791,2020-06-02,10204.23
1792,2020-06-03,9525.57
1793,2020-06-04,9658.04
1794,2020-06-05,9794.56
1795,2020-06-06,9623.75
1796,2020-06-07,9670.43
1797,2020-06-08,9753.85
1798,2020-06-09,9782.59
1799,2020-06-10,9775.15
1800,2020-06-11,9892.13
1801,2020-06-12,9286.42
1802,2020-06-13,9459.97
1803,2020-06-14,9473.5
1804,2020-06-15,9330.07
1805,2020-06-16,9426.7
1806,2020-06-17,9526.0
1807,2020-06-18,9454.81
1808,2020-06-19,9380.03
1809,2020-06-20,9300.15
1810,2020-06-21,9357.43
1811,2020-06-22,9284.78
1812,2020-06-23,9691.9
1813,2020-06-24,9621.49
1814,2020-06-25,9276.58
1815,2020-06-26,9240.85
1816,2020-06-27,9154.45
1817,2020-06-28,9004.23
1818,2020-06-29,9127.47
1819,2020-06-30,9185.35
1820,2020-07-01,9133.97
1821,2020-07-02,9236.38
1822,2020-07-03,9087.98
1823,2020-07-04,9072.42
1824,2020-07-05,9131.31
